FirstName,LastName,OU,Description,Password
Glen,Smith,Placeholder,Senior Logistics Analyst,ThisIsNotEvenARealPassword12345!@#$%
Eric,Johnson,Placeholder,Senior Accountant,ThisIsNotEvenARealPassword12345!@#$%
Dave,Williams,Placeholder,Senior Sales Engineer,ThisIsNotEvenARealPassword12345!@#$%
Lynn,Jones,Placeholder,Senior Admin,ThisIsNotEvenARealPassword12345!@#$%
Laura,Garcia,Placeholder,Health and Safety Consultant,ThisIsNotEvenARealPassword12345!@#$%
Kimberley,Miller,Placeholder,CISO,ThisIsNotEvenARealPassword12345!@#$%
Brenna,Davis,Placeholder,Lead Artist,ThisIsNotEvenARealPassword12345!@#$%
Caetelynne,Rodriguez,Placeholder,Trainee,ThisIsNotEvenARealPassword12345!@#$%
Delilah,Martinez,Placeholder,Junior Admin,ThisIsNotEvenARealPassword12345!@#$%
